action	min_reward	mean_reward	max_reward
0	0.0	0.535257543387152	1.9332337339152303
1	0.0	0.5383011915205818	3.7614611916597194
2	0.0	0.2682143787761363	0.9116591022860465
