action	min_reward	mean_reward	max_reward
0	0.0	0.5682190453966252	3.7614611916597194
1	0.0	0.33751804419493603	1.400607713699188
2	0.0	0.16674833454452087	0.7370470238212437
