action	min_reward	mean_reward	max_reward
0	0.0	0.5638810131286192	2.9191483629132895
1	0.0	0.5521887673869104	3.7614611916597194
2	0.0	0.18631706400626832	0.9773587756897689
