action	min_reward	mean_reward	max_reward
0	0.0	0.5735845652496746	3.7614611916597194
1	0.0	0.19728539766825842	0.8165317353819662
2	0.0	0.1380526104701604	0.7370470238212437
