strategy	regret
uniform	91.04348695929167
just-0	3.043648133429656
just-1	0.0
just-2	270.0868127444454
actual	6.828261521946956
