strategy	regret
uniform	210.7239040179311
just-0	0.0
just-1	230.7010012016891
just-2	401.4707108521043
actual	5.629614116932885
