strategy	regret
uniform	270.61037412031015
just-0	0.0
just-1	376.2991675814162
just-2	435.5319547795142
actual	12.295932409810234
