strategy	regret
uniform	129.7520649546866
just-0	0.0
just-1	11.692245741708803
just-2	377.5639491223509
actual	84.60353305320484
