strategy	regret
uniform	162.42415119527436
just-0	0.0
just-1	66.11143691528457
just-2	421.16101667053846
actual	129.15648289405237
